line,avg_freq_min,overlap_extension_m,line_extension_m,overlap_pct,overlap_stops,overlap_stop_ids,total_stops,directions_considered,radius_extension_m,radius_extension_pct,radius_m,temporal_overlaps_count,temporal_overlaps_pct,temporal_overlap_stop_ids,temporal_spatial_candidates_count,__meta_smtuc_dataset,__meta_metro_dataset,__meta_walk_speed_m_min,__meta_stadium_lat,__meta_stadium_lon,__meta_radius_m,__meta_spatial_overlap_walk_min,__meta_temporal_overlap_max_min,__meta_sig_smtuc,__meta_sig_metro
10,13.9,10830.0,44487.7,24.34,26,1143;1583;465;472;474;488;509;515;588;589;630;632;634;768;776;778;781;791;908;911;917;918;923;926;927;944,56,5,20921.8,47.03,2000.0,862,63.1,1143;1583;465;472;474;488;509;515;588;589;630;632;634;768;776;778;781;791;908;911;917;918;923;926;927;944,1366,smtuc,metrobus_fase2,80.0,40.203809,-8.407904,2000.0,3.0,5.0,e62d81153b50f2754bf367efbabcdfcb27d7e526033022d2afbabaebf6a3fb35,20b589f37384105ae41674c2565d5d58d7bda448ec489e156ba29bbf1e5c5a3f
10A,219.0,1901.4,32245.9,5.9,12,496;505;509;630;632;634;776;778;781;908;923;926,53,4,3722.2,11.54,2000.0,28,28.87,496;509;630;632;634;776;778;781;908;923;926,97,smtuc,metrobus_fase2,80.0,40.203809,-8.407904,2000.0,3.0,5.0,e62d81153b50f2754bf367efbabcdfcb27d7e526033022d2afbabaebf6a3fb35,20b589f37384105ae41674c2565d5d58d7bda448ec489e156ba29bbf1e5c5a3f
10F,,548.2,11165.1,4.91,4,472;474;488;515,33,1,0.0,0.0,2000.0,3,75.0,472;474;488,4,smtuc,metrobus_fase2,80.0,40.203809,-8.407904,2000.0,3.0,5.0,e62d81153b50f2754bf367efbabcdfcb27d7e526033022d2afbabaebf6a3fb35,20b589f37384105ae41674c2565d5d58d7bda448ec489e156ba29bbf1e5c5a3f
11,16.6,2585.4,6990.8,36.98,10,475;478;479;504;590;602;618;639;777;789,25,2,5996.7,85.78,2000.0,302,83.66,475;478;479;504;590;602;618;639;777;789,361,smtuc,metrobus_fase2,80.0,40.203809,-8.407904,2000.0,3.0,5.0,e62d81153b50f2754bf367efbabcdfcb27d7e526033022d2afbabaebf6a3fb35,20b589f37384105ae41674c2565d5d58d7bda448ec489e156ba29bbf1e5c5a3f
12,34.0,1977.2,39150.6,5.05,6,472;474;486;487;488;495,49,4,0.0,0.0,2000.0,115,95.83,472;474;486;487;488;495,120,smtuc,metrobus_fase2,80.0,40.203809,-8.407904,2000.0,3.0,5.0,e62d81153b50f2754bf367efbabcdfcb27d7e526033022d2afbabaebf6a3fb35,20b589f37384105ae41674c2565d5d58d7bda448ec489e156ba29bbf1e5c5a3f
12A,,0.0,9763.7,0.0,1,495,29,1,0.0,0.0,2000.0,2,100.0,495,2,smtuc,metrobus_fase2,80.0,40.203809,-8.407904,2000.0,3.0,5.0,e62d81153b50f2754bf367efbabcdfcb27d7e526033022d2afbabaebf6a3fb35,20b589f37384105ae41674c2565d5d58d7bda448ec489e156ba29bbf1e5c5a3f
12R,88.8,988.6,17317.8,5.71,6,472;474;486;487;488;495,31,2,0.0,0.0,2000.0,22,78.57,472;474;486;487;488;495,28,smtuc,metrobus_fase2,80.0,40.203809,-8.407904,2000.0,3.0,5.0,e62d81153b50f2754bf367efbabcdfcb27d7e526033022d2afbabaebf6a3fb35,20b589f37384105ae41674c2565d5d58d7bda448ec489e156ba29bbf1e5c5a3f
13,22.6,1977.2,43269.2,4.57,6,472;474;486;487;488;495,59,5,0.0,0.0,2000.0,202,90.18,472;474;486;487;488;495,224,smtuc,metrobus_fase2,80.0,40.203809,-8.407904,2000.0,3.0,5.0,e62d81153b50f2754bf367efbabcdfcb27d7e526033022d2afbabaebf6a3fb35,20b589f37384105ae41674c2565d5d58d7bda448ec489e156ba29bbf1e5c5a3f
13P,75.0,0.0,13865.5,0.0,2,495;504,43,2,0.0,0.0,2000.0,13,81.25,495;504,16,smtuc,metrobus_fase2,80.0,40.203809,-8.407904,2000.0,3.0,5.0,e62d81153b50f2754bf367efbabcdfcb27d7e526033022d2afbabaebf6a3fb35,20b589f37384105ae41674c2565d5d58d7bda448ec489e156ba29bbf1e5c5a3f
13T,17.5,988.6,20662.9,4.78,7,472;474;486;487;488;495;506,74,3,0.0,0.0,2000.0,15,93.75,472;474;486;487;488;495;506,16,smtuc,metrobus_fase2,80.0,40.203809,-8.407904,2000.0,3.0,5.0,e62d81153b50f2754bf367efbabcdfcb27d7e526033022d2afbabaebf6a3fb35,20b589f37384105ae41674c2565d5d58d7bda448ec489e156ba29bbf1e5c5a3f
14,12.2,1777.7,13913.8,12.78,6,1;457;467;475;484;506,41,2,0.0,0.0,2000.0,480,89.05,1;457;467;475;484;506,539,smtuc,metrobus_fase2,80.0,40.203809,-8.407904,2000.0,3.0,5.0,e62d81153b50f2754bf367efbabcdfcb27d7e526033022d2afbabaebf6a3fb35,20b589f37384105ae41674c2565d5d58d7bda448ec489e156ba29bbf1e5c5a3f
14T,10.7,2034.7,14951.9,13.61,6,472;474;486;487;488;494,38,3,0.0,0.0,2000.0,829,87.82,472;474;486;487;488;494,944,smtuc,metrobus_fase2,80.0,40.203809,-8.407904,2000.0,3.0,5.0,e62d81153b50f2754bf367efbabcdfcb27d7e526033022d2afbabaebf6a3fb35,20b589f37384105ae41674c2565d5d58d7bda448ec489e156ba29bbf1e5c5a3f
16,50.4,4990.4,64133.3,7.78,13,1583;466;472;474;488;494;588;589;602;618;768;778;791,111,6,27998.5,43.66,2000.0,108,91.53,1583;466;472;474;488;494;588;589;602;618;768;778;791,118,smtuc,metrobus_fase2,80.0,40.203809,-8.407904,2000.0,3.0,5.0,e62d81153b50f2754bf367efbabcdfcb27d7e526033022d2afbabaebf6a3fb35,20b589f37384105ae41674c2565d5d58d7bda448ec489e156ba29bbf1e5c5a3f
16F,25.0,1274.1,19174.2,6.64,8,602;618;768;778;791;876;883;884,75,2,8024.0,41.85,2000.0,12,75.0,768;778;791;876;883;884,16,smtuc,metrobus_fase2,80.0,40.203809,-8.407904,2000.0,3.0,5.0,e62d81153b50f2754bf367efbabcdfcb27d7e526033022d2afbabaebf6a3fb35,20b589f37384105ae41674c2565d5d58d7bda448ec489e156ba29bbf1e5c5a3f
16G,22.6,4922.0,75345.8,6.53,17,1583;466;472;474;475;479;488;494;504;588;589;590;602;618;768;778;791,127,6,28221.6,37.46,2000.0,242,89.96,1583;466;472;474;475;479;488;494;504;588;589;590;602;618;768;778;791,269,smtuc,metrobus_fase2,80.0,40.203809,-8.407904,2000.0,3.0,5.0,e62d81153b50f2754bf367efbabcdfcb27d7e526033022d2afbabaebf6a3fb35,20b589f37384105ae41674c2565d5d58d7bda448ec489e156ba29bbf1e5c5a3f
17,40.8,988.6,21596.6,4.58,7,472;474;486;487;488;495;505,57,3,0.0,0.0,2000.0,120,90.91,472;474;486;487;488;495;505,132,smtuc,metrobus_fase2,80.0,40.203809,-8.407904,2000.0,3.0,5.0,e62d81153b50f2754bf367efbabcdfcb27d7e526033022d2afbabaebf6a3fb35,20b589f37384105ae41674c2565d5d58d7bda448ec489e156ba29bbf1e5c5a3f
18,30.2,119.1,42510.8,0.28,2,496;505,60,4,0.0,0.0,2000.0,87,90.62,496;505,96,smtuc,metrobus_fase2,80.0,40.203809,-8.407904,2000.0,3.0,5.0,e62d81153b50f2754bf367efbabcdfcb27d7e526033022d2afbabaebf6a3fb35,20b589f37384105ae41674c2565d5d58d7bda448ec489e156ba29bbf1e5c5a3f
18E,196.7,781.4,25762.8,3.03,9,1143;496;505;917;918;923;926;927;944,70,2,0.0,0.0,2000.0,40,100.0,1143;496;505;917;918;923;926;927;944,40,smtuc,metrobus_fase2,80.0,40.203809,-8.407904,2000.0,3.0,5.0,e62d81153b50f2754bf367efbabcdfcb27d7e526033022d2afbabaebf6a3fb35,20b589f37384105ae41674c2565d5d58d7bda448ec489e156ba29bbf1e5c5a3f
18F,46.0,59.5,15703.1,0.38,2,496;505,42,2,0.0,0.0,2000.0,26,96.3,496;505,27,smtuc,metrobus_fase2,80.0,40.203809,-8.407904,2000.0,3.0,5.0,e62d81153b50f2754bf367efbabcdfcb27d7e526033022d2afbabaebf6a3fb35,20b589f37384105ae41674c2565d5d58d7bda448ec489e156ba29bbf1e5c5a3f
19,92.9,3777.4,31480.2,12.0,12,321;457;459;466;479;484;485;487;589;590;603;618,53,4,5684.0,18.06,2000.0,62,79.49,321;457;459;466;479;484;485;487;589;590;603;618,78,smtuc,metrobus_fase2,80.0,40.203809,-8.407904,2000.0,3.0,5.0,e62d81153b50f2754bf367efbabcdfcb27d7e526033022d2afbabaebf6a3fb35,20b589f37384105ae41674c2565d5d58d7bda448ec489e156ba29bbf1e5c5a3f
19A,25.0,1624.9,28368.4,5.73,8,317;321;479;485;487;590;603;618,84,2,4502.2,15.87,2000.0,10,50.0,317;321;479;485;487;590;603;618,20,smtuc,metrobus_fase2,80.0,40.203809,-8.407904,2000.0,3.0,5.0,e62d81153b50f2754bf367efbabcdfcb27d7e526033022d2afbabaebf6a3fb35,20b589f37384105ae41674c2565d5d58d7bda448ec489e156ba29bbf1e5c5a3f
19R,61.5,2924.6,32037.9,9.13,10,321;457;459;479;485;487;588;590;603;618,66,4,5088.8,15.88,2000.0,72,92.31,321;457;459;479;485;487;588;590;603;618,78,smtuc,metrobus_fase2,80.0,40.203809,-8.407904,2000.0,3.0,5.0,e62d81153b50f2754bf367efbabcdfcb27d7e526033022d2afbabaebf6a3fb35,20b589f37384105ae41674c2565d5d58d7bda448ec489e156ba29bbf1e5c5a3f
19T,11.4,9545.6,129284.3,7.38,13,321;457;459;466;479;484;485;487;588;589;590;603;618,86,12,18148.6,14.04,2000.0,680,83.33,321;457;459;466;479;484;485;487;588;589;590;603;618,816,smtuc,metrobus_fase2,80.0,40.203809,-8.407904,2000.0,3.0,5.0,e62d81153b50f2754bf367efbabcdfcb27d7e526033022d2afbabaebf6a3fb35,20b589f37384105ae41674c2565d5d58d7bda448ec489e156ba29bbf1e5c5a3f
20,29.3,3555.4,37102.9,9.58,6,1;457;467;475;484;506,56,4,0.0,0.0,2000.0,171,89.53,1;457;467;475;484;506,191,smtuc,metrobus_fase2,80.0,40.203809,-8.407904,2000.0,3.0,5.0,e62d81153b50f2754bf367efbabcdfcb27d7e526033022d2afbabaebf6a3fb35,20b589f37384105ae41674c2565d5d58d7bda448ec489e156ba29bbf1e5c5a3f
20T,83.0,1777.7,24331.5,7.31,6,1;457;467;475;484;506,66,3,0.0,0.0,2000.0,29,87.88,1;457;467;475;484;506,33,smtuc,metrobus_fase2,80.0,40.203809,-8.407904,2000.0,3.0,5.0,e62d81153b50f2754bf367efbabcdfcb27d7e526033022d2afbabaebf6a3fb35,20b589f37384105ae41674c2565d5d58d7bda448ec489e156ba29bbf1e5c5a3f
21,37.1,2965.8,105844.8,2.8,6,472;474;486;487;488;495,76,7,0.0,0.0,2000.0,137,86.71,472;474;486;487;488;495,158,smtuc,metrobus_fase2,80.0,40.203809,-8.407904,2000.0,3.0,5.0,e62d81153b50f2754bf367efbabcdfcb27d7e526033022d2afbabaebf6a3fb35,20b589f37384105ae41674c2565d5d58d7bda448ec489e156ba29bbf1e5c5a3f
21A,26.9,4151.9,89410.1,4.64,10,467;472;474;475;484;486;487;488;495;504,88,7,0.0,0.0,2000.0,151,92.07,467;472;474;475;484;486;487;488;495;504,164,smtuc,metrobus_fase2,80.0,40.203809,-8.407904,2000.0,3.0,5.0,e62d81153b50f2754bf367efbabcdfcb27d7e526033022d2afbabaebf6a3fb35,20b589f37384105ae41674c2565d5d58d7bda448ec489e156ba29bbf1e5c5a3f
21R,41.5,1977.2,100930.5,1.96,6,472;474;486;487;488;495,73,7,0.0,0.0,2000.0,149,80.98,472;474;486;487;488;495,184,smtuc,metrobus_fase2,80.0,40.203809,-8.407904,2000.0,3.0,5.0,e62d81153b50f2754bf367efbabcdfcb27d7e526033022d2afbabaebf6a3fb35,20b589f37384105ae41674c2565d5d58d7bda448ec489e156ba29bbf1e5c5a3f
21T,66.2,4922.7,136951.0,3.59,7,472;474;486;487;488;495;506,88,9,0.0,0.0,2000.0,88,91.67,472;474;486;487;488;495;506,96,smtuc,metrobus_fase2,80.0,40.203809,-8.407904,2000.0,3.0,5.0,e62d81153b50f2754bf367efbabcdfcb27d7e526033022d2afbabaebf6a3fb35,20b589f37384105ae41674c2565d5d58d7bda448ec489e156ba29bbf1e5c5a3f
22,26.0,2746.0,21154.2,12.98,11,1;457;467;472;474;475;484;486;487;488;506,55,3,0.0,0.0,2000.0,385,84.99,1;457;467;472;474;475;484;486;487;488;506,453,smtuc,metrobus_fase2,80.0,40.203809,-8.407904,2000.0,3.0,5.0,e62d81153b50f2754bf367efbabcdfcb27d7e526033022d2afbabaebf6a3fb35,20b589f37384105ae41674c2565d5d58d7bda448ec489e156ba29bbf1e5c5a3f
22F,19.1,1777.7,14340.7,12.4,6,1;457;467;475;484;506,44,2,0.0,0.0,2000.0,148,91.93,1;457;467;475;484;506,161,smtuc,metrobus_fase2,80.0,40.203809,-8.407904,2000.0,3.0,5.0,e62d81153b50f2754bf367efbabcdfcb27d7e526033022d2afbabaebf6a3fb35,20b589f37384105ae41674c2565d5d58d7bda448ec489e156ba29bbf1e5c5a3f
23,31.0,1562.7,32039.5,4.88,9,1143;496;505;917;918;923;926;927;944,46,4,0.0,0.0,2000.0,174,78.38,1143;496;505;917;918;923;926;927;944,222,smtuc,metrobus_fase2,80.0,40.203809,-8.407904,2000.0,3.0,5.0,e62d81153b50f2754bf367efbabcdfcb27d7e526033022d2afbabaebf6a3fb35,20b589f37384105ae41674c2565d5d58d7bda448ec489e156ba29bbf1e5c5a3f
23C,26.0,1203.1,20385.1,5.9,7,496;505;917;918;923;926;927,39,3,0.0,0.0,2000.0,43,79.63,496;505;917;918;923;926;927,54,smtuc,metrobus_fase2,80.0,40.203809,-8.407904,2000.0,3.0,5.0,e62d81153b50f2754bf367efbabcdfcb27d7e526033022d2afbabaebf6a3fb35,20b589f37384105ae41674c2565d5d58d7bda448ec489e156ba29bbf1e5c5a3f
23F,44.7,59.5,15635.9,0.38,2,496;505,41,2,0.0,0.0,2000.0,27,93.1,496;505,29,smtuc,metrobus_fase2,80.0,40.203809,-8.407904,2000.0,3.0,5.0,e62d81153b50f2754bf367efbabcdfcb27d7e526033022d2afbabaebf6a3fb35,20b589f37384105ae41674c2565d5d58d7bda448ec489e156ba29bbf1e5c5a3f
24,9.9,2585.4,7513.8,34.41,10,475;478;479;504;590;602;618;639;777;789,25,2,6519.7,86.77,2000.0,551,80.2,475;478;479;504;590;602;618;639;777;789,687,smtuc,metrobus_fase2,80.0,40.203809,-8.407904,2000.0,3.0,5.0,e62d81153b50f2754bf367efbabcdfcb27d7e526033022d2afbabaebf6a3fb35,20b589f37384105ae41674c2565d5d58d7bda448ec489e156ba29bbf1e5c5a3f
24T,10.3,5869.9,23827.0,24.64,14,1583;465;472;474;488;509;515;588;589;634;768;778;788;791,45,4,18338.4,76.96,2000.0,1376,69.35,1583;465;472;474;488;509;515;588;589;634;768;778;788;791,1984,smtuc,metrobus_fase2,80.0,40.203809,-8.407904,2000.0,3.0,5.0,e62d81153b50f2754bf367efbabcdfcb27d7e526033022d2afbabaebf6a3fb35,20b589f37384105ae41674c2565d5d58d7bda448ec489e156ba29bbf1e5c5a3f
25,21.3,9144.2,63338.8,14.44,19,1;319;321;457;466;467;472;474;475;479;484;485;487;488;494;504;589;590;603,82,6,2031.5,3.21,2000.0,396,88.2,1;319;321;457;466;467;472;474;475;479;484;485;487;488;494;504;589;590;603,449,smtuc,metrobus_fase2,80.0,40.203809,-8.407904,2000.0,3.0,5.0,e62d81153b50f2754bf367efbabcdfcb27d7e526033022d2afbabaebf6a3fb35,20b589f37384105ae41674c2565d5d58d7bda448ec489e156ba29bbf1e5c5a3f
25T,60.4,6069.0,28657.5,21.18,17,1;319;321;457;461;466;472;474;479;484;485;487;488;494;589;590;603,65,4,1745.8,6.09,2000.0,166,90.22,1;319;321;457;461;466;472;474;479;484;485;487;488;494;589;590;603,184,smtuc,metrobus_fase2,80.0,40.203809,-8.407904,2000.0,3.0,5.0,e62d81153b50f2754bf367efbabcdfcb27d7e526033022d2afbabaebf6a3fb35,20b589f37384105ae41674c2565d5d58d7bda448ec489e156ba29bbf1e5c5a3f
26,23.8,6483.4,30060.6,21.57,24,1583;504;509;587;588;590;603;618;629;630;631;632;634;639;768;775;776;778;781;782;791;876;883;884,55,6,30060.6,100.0,2000.0,336,77.6,1583;504;509;588;590;603;618;629;630;632;634;768;775;776;778;781;782;791;876;883;884,433,smtuc,metrobus_fase2,80.0,40.203809,-8.407904,2000.0,3.0,5.0,e62d81153b50f2754bf367efbabcdfcb27d7e526033022d2afbabaebf6a3fb35,20b589f37384105ae41674c2565d5d58d7bda448ec489e156ba29bbf1e5c5a3f
27,9.9,12772.2,52824.9,24.18,21,319;321;457;461;466;467;472;474;475;479;484;485;487;488;504;587;588;589;590;592;593,68,8,10768.2,20.38,2000.0,1131,90.92,319;321;457;461;466;467;472;474;475;479;484;485;487;488;504;587;588;589;590;592;593,1244,smtuc,metrobus_fase2,80.0,40.203809,-8.407904,2000.0,3.0,5.0,e62d81153b50f2754bf367efbabcdfcb27d7e526033022d2afbabaebf6a3fb35,20b589f37384105ae41674c2565d5d58d7bda448ec489e156ba29bbf1e5c5a3f
27F,108.3,7223.2,27376.2,26.38,16,319;321;457;461;466;472;474;479;484;485;487;488;587;589;590;602,49,5,5043.8,18.42,2000.0,107,70.86,319;321;457;461;466;472;474;479;484;485;487;488;587;589;590;602,151,smtuc,metrobus_fase2,80.0,40.203809,-8.407904,2000.0,3.0,5.0,e62d81153b50f2754bf367efbabcdfcb27d7e526033022d2afbabaebf6a3fb35,20b589f37384105ae41674c2565d5d58d7bda448ec489e156ba29bbf1e5c5a3f
28,16.6,11902.6,39663.4,30.01,20,1;317;321;458;466;467;472;474;475;479;484;485;487;488;504;588;589;590;604;605,56,7,6533.4,16.47,2000.0,649,86.53,1;317;321;458;466;467;472;474;475;479;484;485;487;488;504;588;589;590;604;605,750,smtuc,metrobus_fase2,80.0,40.203809,-8.407904,2000.0,3.0,5.0,e62d81153b50f2754bf367efbabcdfcb27d7e526033022d2afbabaebf6a3fb35,20b589f37384105ae41674c2565d5d58d7bda448ec489e156ba29bbf1e5c5a3f
28F,38.9,4620.3,11867.2,38.93,16,1;317;321;458;466;467;475;479;484;485;487;506;587;589;590;602,32,3,1510.7,12.73,2000.0,136,97.14,1;317;321;458;466;467;475;479;484;485;487;506;587;589;590;602,140,smtuc,metrobus_fase2,80.0,40.203809,-8.407904,2000.0,3.0,5.0,e62d81153b50f2754bf367efbabcdfcb27d7e526033022d2afbabaebf6a3fb35,20b589f37384105ae41674c2565d5d58d7bda448ec489e156ba29bbf1e5c5a3f
29,7.1,7438.2,27106.5,27.44,13,321;457;459;472;473;475;479;485;487;488;590;602;618,32,6,11676.6,43.08,2000.0,1338,90.16,321;457;459;472;473;475;479;485;487;488;590;602;618,1484,smtuc,metrobus_fase2,80.0,40.203809,-8.407904,2000.0,3.0,5.0,e62d81153b50f2754bf367efbabcdfcb27d7e526033022d2afbabaebf6a3fb35,20b589f37384105ae41674c2565d5d58d7bda448ec489e156ba29bbf1e5c5a3f
2T,11.6,13388.5,138966.0,9.63,15,1;1586;317;319;321;457;466;475;479;484;485;487;504;590;591,106,10,2078.2,1.5,2000.0,704,88.0,1;1586;317;319;321;457;466;475;479;484;485;487;504;590;591,800,smtuc,metrobus_fase2,80.0,40.203809,-8.407904,2000.0,3.0,5.0,e62d81153b50f2754bf367efbabcdfcb27d7e526033022d2afbabaebf6a3fb35,20b589f37384105ae41674c2565d5d58d7bda448ec489e156ba29bbf1e5c5a3f
30,80.5,6486.4,45461.8,14.27,17,1;319;321;457;466;472;474;479;484;485;487;488;494;587;589;590;603,110,4,1506.4,3.31,2000.0,130,84.42,1;319;321;457;466;472;474;479;484;485;487;488;494;587;589;590;603,154,smtuc,metrobus_fase2,80.0,40.203809,-8.407904,2000.0,3.0,5.0,e62d81153b50f2754bf367efbabcdfcb27d7e526033022d2afbabaebf6a3fb35,20b589f37384105ae41674c2565d5d58d7bda448ec489e156ba29bbf1e5c5a3f
30A,217.5,3196.6,26538.9,12.04,12,1;319;321;457;466;479;484;485;487;587;589;590,86,2,1499.8,5.65,2000.0,20,100.0,1;319;321;457;466;479;484;485;487;587;589;590,20,smtuc,metrobus_fase2,80.0,40.203809,-8.407904,2000.0,3.0,5.0,e62d81153b50f2754bf367efbabcdfcb27d7e526033022d2afbabaebf6a3fb35,20b589f37384105ae41674c2565d5d58d7bda448ec489e156ba29bbf1e5c5a3f
30F,69.1,4448.0,34805.8,12.78,12,1;319;321;457;466;479;484;485;487;587;589;590,76,3,1731.6,4.98,2000.0,71,94.67,1;319;321;457;466;479;484;485;487;587;589;590,75,smtuc,metrobus_fase2,80.0,40.203809,-8.407904,2000.0,3.0,5.0,e62d81153b50f2754bf367efbabcdfcb27d7e526033022d2afbabaebf6a3fb35,20b589f37384105ae41674c2565d5d58d7bda448ec489e156ba29bbf1e5c5a3f
30T,82.1,3203.2,24059.3,13.31,13,1;319;321;457;466;479;484;485;487;587;589;590;603,77,2,1506.4,6.26,2000.0,85,88.54,1;319;321;457;466;479;484;485;487;587;589;590;603,96,smtuc,metrobus_fase2,80.0,40.203809,-8.407904,2000.0,3.0,5.0,e62d81153b50f2754bf367efbabcdfcb27d7e526033022d2afbabaebf6a3fb35,20b589f37384105ae41674c2565d5d58d7bda448ec489e156ba29bbf1e5c5a3f
31,29.3,3025.1,27040.3,11.19,9,467;472;474;475;477;486;488;494;505,47,5,0.0,0.0,2000.0,236,85.82,467;472;474;475;477;486;488;494;505,275,smtuc,metrobus_fase2,80.0,40.203809,-8.407904,2000.0,3.0,5.0,e62d81153b50f2754bf367efbabcdfcb27d7e526033022d2afbabaebf6a3fb35,20b589f37384105ae41674c2565d5d58d7bda448ec489e156ba29bbf1e5c5a3f
32,30.8,1977.2,56502.2,3.5,7,472;474;486;487;488;495;504,64,5,0.0,0.0,2000.0,157,88.2,472;474;486;487;488;495;504,178,smtuc,metrobus_fase2,80.0,40.203809,-8.407904,2000.0,3.0,5.0,e62d81153b50f2754bf367efbabcdfcb27d7e526033022d2afbabaebf6a3fb35,20b589f37384105ae41674c2565d5d58d7bda448ec489e156ba29bbf1e5c5a3f
32A,190.0,1977.2,22821.9,8.66,6,472;474;486;487;488;495,69,3,0.0,0.0,2000.0,21,80.77,472;474;486;487;488;495,26,smtuc,metrobus_fase2,80.0,40.203809,-8.407904,2000.0,3.0,5.0,e62d81153b50f2754bf367efbabcdfcb27d7e526033022d2afbabaebf6a3fb35,20b589f37384105ae41674c2565d5d58d7bda448ec489e156ba29bbf1e5c5a3f
32R,107.9,1977.2,44357.0,4.46,6,472;474;486;487;488;495,47,4,0.0,0.0,2000.0,51,87.93,472;474;486;487;488;495,58,smtuc,metrobus_fase2,80.0,40.203809,-8.407904,2000.0,3.0,5.0,e62d81153b50f2754bf367efbabcdfcb27d7e526033022d2afbabaebf6a3fb35,20b589f37384105ae41674c2565d5d58d7bda448ec489e156ba29bbf1e5c5a3f
33,27.2,5515.9,26069.4,21.16,18,504;509;515;588;589;602;618;634;639;768;769;876;877;878;879;895;896;897,44,3,25764.1,98.83,2000.0,652,79.51,504;509;515;588;589;602;618;634;639;768;769;876;877;878;879;895;896;897,820,smtuc,metrobus_fase2,80.0,40.203809,-8.407904,2000.0,3.0,5.0,e62d81153b50f2754bf367efbabcdfcb27d7e526033022d2afbabaebf6a3fb35,20b589f37384105ae41674c2565d5d58d7bda448ec489e156ba29bbf1e5c5a3f
33R,650.0,3770.9,20327.0,18.55,19,494;504;509;588;589;602;618;634;639;768;769;876;877;878;879;895;896;897;900,50,2,20327.0,100.0,2000.0,36,85.71,494;504;509;588;589;602;618;634;639;768;769;876;877;878;879;895;897;900,42,smtuc,metrobus_fase2,80.0,40.203809,-8.407904,2000.0,3.0,5.0,e62d81153b50f2754bf367efbabcdfcb27d7e526033022d2afbabaebf6a3fb35,20b589f37384105ae41674c2565d5d58d7bda448ec489e156ba29bbf1e5c5a3f
34,17.0,1107.8,12432.4,8.91,8,588;604;605;776;777;778;788;789,50,2,11037.6,88.78,2000.0,363,82.13,588;604;605;776;777;778;788;789,442,smtuc,metrobus_fase2,80.0,40.203809,-8.407904,2000.0,3.0,5.0,e62d81153b50f2754bf367efbabcdfcb27d7e526033022d2afbabaebf6a3fb35,20b589f37384105ae41674c2565d5d58d7bda448ec489e156ba29bbf1e5c5a3f
35,27.5,2227.9,26654.7,8.36,10,321;458;459;472;474;484;485;487;488;494,55,4,1202.5,4.51,2000.0,110,73.33,321;458;459;472;474;484;485;487;488;494,150,smtuc,metrobus_fase2,80.0,40.203809,-8.407904,2000.0,3.0,5.0,e62d81153b50f2754bf367efbabcdfcb27d7e526033022d2afbabaebf6a3fb35,20b589f37384105ae41674c2565d5d58d7bda448ec489e156ba29bbf1e5c5a3f
36,19.9,2321.0,31939.6,7.27,9,317;319;321;457;466;484;485;587;589,67,3,4750.4,14.87,2000.0,286,88.0,317;319;321;457;466;484;485;587;589,325,smtuc,metrobus_fase2,80.0,40.203809,-8.407904,2000.0,3.0,5.0,e62d81153b50f2754bf367efbabcdfcb27d7e526033022d2afbabaebf6a3fb35,20b589f37384105ae41674c2565d5d58d7bda448ec489e156ba29bbf1e5c5a3f
36F,56.1,6207.1,43340.5,14.32,17,1;317;319;321;457;458;461;466;479;484;485;487;587;589;590;602;618,93,4,10613.6,24.49,2000.0,63,88.73,1;317;319;321;461;466;479;484;485;487;587;589;590;602;618,71,smtuc,metrobus_fase2,80.0,40.203809,-8.407904,2000.0,3.0,5.0,e62d81153b50f2754bf367efbabcdfcb27d7e526033022d2afbabaebf6a3fb35,20b589f37384105ae41674c2565d5d58d7bda448ec489e156ba29bbf1e5c5a3f
36T,37.1,3748.3,26824.3,13.97,12,317;319;321;457;466;467;475;484;485;504;587;589,65,3,2761.2,10.29,2000.0,144,86.75,317;319;321;457;466;467;475;484;485;504;587;589,166,smtuc,metrobus_fase2,80.0,40.203809,-8.407904,2000.0,3.0,5.0,e62d81153b50f2754bf367efbabcdfcb27d7e526033022d2afbabaebf6a3fb35,20b589f37384105ae41674c2565d5d58d7bda448ec489e156ba29bbf1e5c5a3f
37,11.1,1983.8,21169.7,9.37,9,1583;768;769;777;789;877;879;895;897,46,4,20376.4,96.25,2000.0,485,74.96,1583;768;769;777;789;877;879;895;897,647,smtuc,metrobus_fase2,80.0,40.203809,-8.407904,2000.0,3.0,5.0,e62d81153b50f2754bf367efbabcdfcb27d7e526033022d2afbabaebf6a3fb35,20b589f37384105ae41674c2565d5d58d7bda448ec489e156ba29bbf1e5c5a3f
38,27.7,1048.3,15995.1,6.55,5,494;504;509;634;639,48,2,8424.4,52.67,2000.0,134,93.06,494;504;509;634;639,144,smtuc,metrobus_fase2,80.0,40.203809,-8.407904,2000.0,3.0,5.0,e62d81153b50f2754bf367efbabcdfcb27d7e526033022d2afbabaebf6a3fb35,20b589f37384105ae41674c2565d5d58d7bda448ec489e156ba29bbf1e5c5a3f
38F,26.1,3210.1,20229.2,15.87,11,472;474;486;487;488;494;504;509;515;634;639,55,3,8907.9,44.03,2000.0,297,76.35,472;474;486;487;488;494;504;509;515;634;639,389,smtuc,metrobus_fase2,80.0,40.203809,-8.407904,2000.0,3.0,5.0,e62d81153b50f2754bf367efbabcdfcb27d7e526033022d2afbabaebf6a3fb35,20b589f37384105ae41674c2565d5d58d7bda448ec489e156ba29bbf1e5c5a3f
38T,268.3,1005.5,6603.0,15.23,4,504;509;634;639,19,2,6059.6,91.77,2000.0,13,81.25,504;509;634;639,16,smtuc,metrobus_fase2,80.0,40.203809,-8.407904,2000.0,3.0,5.0,e62d81153b50f2754bf367efbabcdfcb27d7e526033022d2afbabaebf6a3fb35,20b589f37384105ae41674c2565d5d58d7bda448ec489e156ba29bbf1e5c5a3f
39,32.6,3753.3,33806.2,11.1,11,1;317;319;321;457;467;475;484;485;487;504,73,3,0.0,0.0,2000.0,167,87.89,1;317;319;321;457;467;475;484;485;487;504,190,smtuc,metrobus_fase2,80.0,40.203809,-8.407904,2000.0,3.0,5.0,e62d81153b50f2754bf367efbabcdfcb27d7e526033022d2afbabaebf6a3fb35,20b589f37384105ae41674c2565d5d58d7bda448ec489e156ba29bbf1e5c5a3f
4,11.5,1595.1,6995.2,22.8,11,465;472;475;476;479;488;588;589;590;592;593,26,2,4635.6,66.27,2000.0,1320,90.91,465;472;475;476;479;488;588;589;590;592;593,1452,smtuc,metrobus_fase2,80.0,40.203809,-8.407904,2000.0,3.0,5.0,e62d81153b50f2754bf367efbabcdfcb27d7e526033022d2afbabaebf6a3fb35,20b589f37384105ae41674c2565d5d58d7bda448ec489e156ba29bbf1e5c5a3f
41,34.8,1541.8,18101.6,8.52,8,504;509;630;632;634;776;778;781,50,3,4555.1,25.16,2000.0,117,88.64,504;509;630;632;634;776;778;781,132,smtuc,metrobus_fase2,80.0,40.203809,-8.407904,2000.0,3.0,5.0,e62d81153b50f2754bf367efbabcdfcb27d7e526033022d2afbabaebf6a3fb35,20b589f37384105ae41674c2565d5d58d7bda448ec489e156ba29bbf1e5c5a3f
42M,,0.0,4937.3,0.0,0,,17,1,1673.0,33.88,2000.0,0,0.0,,0,smtuc,metrobus_fase2,80.0,40.203809,-8.407904,2000.0,3.0,5.0,e62d81153b50f2754bf367efbabcdfcb27d7e526033022d2afbabaebf6a3fb35,20b589f37384105ae41674c2565d5d58d7bda448ec489e156ba29bbf1e5c5a3f
42T,20.0,1069.6,16066.3,6.66,5,1009;504;639;769;908,46,2,9062.1,56.4,2000.0,14,100.0,1009;504;639;769;908,14,smtuc,metrobus_fase2,80.0,40.203809,-8.407904,2000.0,3.0,5.0,e62d81153b50f2754bf367efbabcdfcb27d7e526033022d2afbabaebf6a3fb35,20b589f37384105ae41674c2565d5d58d7bda448ec489e156ba29bbf1e5c5a3f
42V,100.0,2338.0,25708.0,9.09,10,1009;475;479;504;590;602;618;639;769;908,72,2,14762.3,57.42,2000.0,65,83.33,1009;475;479;504;590;602;618;639;769;908,78,smtuc,metrobus_fase2,80.0,40.203809,-8.407904,2000.0,3.0,5.0,e62d81153b50f2754bf367efbabcdfcb27d7e526033022d2afbabaebf6a3fb35,20b589f37384105ae41674c2565d5d58d7bda448ec489e156ba29bbf1e5c5a3f
43,83.9,59.5,24856.0,0.24,2,496;505,68,2,0.0,0.0,2000.0,15,83.33,496;505,18,smtuc,metrobus_fase2,80.0,40.203809,-8.407904,2000.0,3.0,5.0,e62d81153b50f2754bf367efbabcdfcb27d7e526033022d2afbabaebf6a3fb35,20b589f37384105ae41674c2565d5d58d7bda448ec489e156ba29bbf1e5c5a3f
43T,56.8,1300.8,28798.4,4.52,5,496;505;509;634;639,69,2,5282.1,18.34,2000.0,54,72.0,496;505;509;634;639,75,smtuc,metrobus_fase2,80.0,40.203809,-8.407904,2000.0,3.0,5.0,e62d81153b50f2754bf367efbabcdfcb27d7e526033022d2afbabaebf6a3fb35,20b589f37384105ae41674c2565d5d58d7bda448ec489e156ba29bbf1e5c5a3f
43V,240.0,59.5,29839.5,0.2,2,496;505,67,2,1030.4,3.45,2000.0,10,100.0,496;505,10,smtuc,metrobus_fase2,80.0,40.203809,-8.407904,2000.0,3.0,5.0,e62d81153b50f2754bf367efbabcdfcb27d7e526033022d2afbabaebf6a3fb35,20b589f37384105ae41674c2565d5d58d7bda448ec489e156ba29bbf1e5c5a3f
44,57.7,8090.7,70716.4,11.44,24,1143;1170;1171;1180;1181;504;509;515;629;630;631;632;634;639;775;776;778;781;782;785;917;926;927;944,91,5,17075.7,24.15,2000.0,250,75.3,1143;1170;1171;1180;1181;504;509;515;629;630;631;632;634;639;775;776;778;781;782;785;917;926;927;944,332,smtuc,metrobus_fase2,80.0,40.203809,-8.407904,2000.0,3.0,5.0,e62d81153b50f2754bf367efbabcdfcb27d7e526033022d2afbabaebf6a3fb35,20b589f37384105ae41674c2565d5d58d7bda448ec489e156ba29bbf1e5c5a3f
45,61.4,4051.0,19747.6,20.51,19,1143;504;509;515;629;630;631;632;634;639;775;776;778;781;782;785;908;911;944,57,2,7568.2,38.32,2000.0,214,63.13,1143;504;509;515;629;630;631;632;634;639;775;776;778;781;782;785;908;911;944,339,smtuc,metrobus_fase2,80.0,40.203809,-8.407904,2000.0,3.0,5.0,e62d81153b50f2754bf367efbabcdfcb27d7e526033022d2afbabaebf6a3fb35,20b589f37384105ae41674c2565d5d58d7bda448ec489e156ba29bbf1e5c5a3f
47,39.8,119.1,104302.2,0.11,2,496;505,93,6,0.0,0.0,2000.0,62,87.32,496;505,71,smtuc,metrobus_fase2,80.0,40.203809,-8.407904,2000.0,3.0,5.0,e62d81153b50f2754bf367efbabcdfcb27d7e526033022d2afbabaebf6a3fb35,20b589f37384105ae41674c2565d5d58d7bda448ec489e156ba29bbf1e5c5a3f
47F,93.8,119.1,69049.3,0.17,2,496;505,143,3,0.0,0.0,2000.0,14,100.0,496;505,14,smtuc,metrobus_fase2,80.0,40.203809,-8.407904,2000.0,3.0,5.0,e62d81153b50f2754bf367efbabcdfcb27d7e526033022d2afbabaebf6a3fb35,20b589f37384105ae41674c2565d5d58d7bda448ec489e156ba29bbf1e5c5a3f
48,50.0,119.1,60644.8,0.2,2,496;505,95,4,0.0,0.0,2000.0,63,91.3,496;505,69,smtuc,metrobus_fase2,80.0,40.203809,-8.407904,2000.0,3.0,5.0,e62d81153b50f2754bf367efbabcdfcb27d7e526033022d2afbabaebf6a3fb35,20b589f37384105ae41674c2565d5d58d7bda448ec489e156ba29bbf1e5c5a3f
48T,193.3,59.5,15558.2,0.38,2,496;505,51,2,0.0,0.0,2000.0,11,91.67,496;505,12,smtuc,metrobus_fase2,80.0,40.203809,-8.407904,2000.0,3.0,5.0,e62d81153b50f2754bf367efbabcdfcb27d7e526033022d2afbabaebf6a3fb35,20b589f37384105ae41674c2565d5d58d7bda448ec489e156ba29bbf1e5c5a3f
49,28.8,59.5,19753.2,0.3,2,496;505,59,2,0.0,0.0,2000.0,51,89.47,496;505,57,smtuc,metrobus_fase2,80.0,40.203809,-8.407904,2000.0,3.0,5.0,e62d81153b50f2754bf367efbabcdfcb27d7e526033022d2afbabaebf6a3fb35,20b589f37384105ae41674c2565d5d58d7bda448ec489e156ba29bbf1e5c5a3f
49T,13.9,119.1,42714.7,0.28,2,496;505,68,4,0.0,0.0,2000.0,185,85.65,496;505,216,smtuc,metrobus_fase2,80.0,40.203809,-8.407904,2000.0,3.0,5.0,e62d81153b50f2754bf367efbabcdfcb27d7e526033022d2afbabaebf6a3fb35,20b589f37384105ae41674c2565d5d58d7bda448ec489e156ba29bbf1e5c5a3f
5,13.1,5770.6,19839.0,29.09,22,1;1583;319;321;457;466;472;474;479;484;485;487;488;494;588;589;590;602;618;768;778;791,56,3,6102.4,30.76,2000.0,1068,85.71,1;1583;319;321;457;466;472;474;479;484;485;487;488;494;588;589;590;602;618;768;778;791,1246,smtuc,metrobus_fase2,80.0,40.203809,-8.407904,2000.0,3.0,5.0,e62d81153b50f2754bf367efbabcdfcb27d7e526033022d2afbabaebf6a3fb35,20b589f37384105ae41674c2565d5d58d7bda448ec489e156ba29bbf1e5c5a3f
50,21.2,5884.5,62127.7,9.47,11,1;1586;319;321;457;466;479;484;485;487;590,85,5,727.3,1.17,2000.0,317,89.55,1;1586;319;321;457;466;479;484;485;487;590,354,smtuc,metrobus_fase2,80.0,40.203809,-8.407904,2000.0,3.0,5.0,e62d81153b50f2754bf367efbabcdfcb27d7e526033022d2afbabaebf6a3fb35,20b589f37384105ae41674c2565d5d58d7bda448ec489e156ba29bbf1e5c5a3f
50M,52.3,5618.8,56641.6,9.92,13,1;1586;319;321;457;466;475;479;484;485;487;506;590,88,4,727.3,1.28,2000.0,147,97.35,1;1586;319;321;457;466;475;479;484;485;487;506;590,151,smtuc,metrobus_fase2,80.0,40.203809,-8.407904,2000.0,3.0,5.0,e62d81153b50f2754bf367efbabcdfcb27d7e526033022d2afbabaebf6a3fb35,20b589f37384105ae41674c2565d5d58d7bda448ec489e156ba29bbf1e5c5a3f
50S,86.0,4633.1,67349.0,6.88,11,1;1586;319;321;457;466;479;484;485;487;590,102,4,495.5,0.74,2000.0,72,78.26,1;1586;319;321;457;466;479;484;485;487;590,92,smtuc,metrobus_fase2,80.0,40.203809,-8.407904,2000.0,3.0,5.0,e62d81153b50f2754bf367efbabcdfcb27d7e526033022d2afbabaebf6a3fb35,20b589f37384105ae41674c2565d5d58d7bda448ec489e156ba29bbf1e5c5a3f
50T,13.1,15518.3,168703.4,9.2,19,1;1586;319;321;457;458;466;472;474;475;479;484;485;487;488;496;506;589;590,127,13,1855.9,1.1,2000.0,812,79.92,1;1586;319;321;457;458;466;475;479;484;485;487;506;589;590,1016,smtuc,metrobus_fase2,80.0,40.203809,-8.407904,2000.0,3.0,5.0,e62d81153b50f2754bf367efbabcdfcb27d7e526033022d2afbabaebf6a3fb35,20b589f37384105ae41674c2565d5d58d7bda448ec489e156ba29bbf1e5c5a3f
51,67.5,3330.0,57656.1,5.78,10,1;1586;319;321;457;479;484;485;487;590,93,4,231.8,0.4,2000.0,75,96.15,1;1586;319;321;457;466;479;484;485;487;590,78,smtuc,metrobus_fase2,80.0,40.203809,-8.407904,2000.0,3.0,5.0,e62d81153b50f2754bf367efbabcdfcb27d7e526033022d2afbabaebf6a3fb35,20b589f37384105ae41674c2565d5d58d7bda448ec489e156ba29bbf1e5c5a3f
52,52.5,0.0,44398.5,0.0,0,,74,2,0.0,0.0,2000.0,0,0.0,,0,smtuc,metrobus_fase2,80.0,40.203809,-8.407904,2000.0,3.0,5.0,e62d81153b50f2754bf367efbabcdfcb27d7e526033022d2afbabaebf6a3fb35,20b589f37384105ae41674c2565d5d58d7bda448ec489e156ba29bbf1e5c5a3f
52M,,0.0,12944.6,0.0,0,,21,1,0.0,0.0,2000.0,0,0.0,,0,smtuc,metrobus_fase2,80.0,40.203809,-8.407904,2000.0,3.0,5.0,e62d81153b50f2754bf367efbabcdfcb27d7e526033022d2afbabaebf6a3fb35,20b589f37384105ae41674c2565d5d58d7bda448ec489e156ba29bbf1e5c5a3f
52P,76.7,0.0,50242.2,0.0,0,,62,3,0.0,0.0,2000.0,0,0.0,,0,smtuc,metrobus_fase2,80.0,40.203809,-8.407904,2000.0,3.0,5.0,e62d81153b50f2754bf367efbabcdfcb27d7e526033022d2afbabaebf6a3fb35,20b589f37384105ae41674c2565d5d58d7bda448ec489e156ba29bbf1e5c5a3f
52T,,0.0,16818.6,0.0,0,,36,1,0.0,0.0,2000.0,0,0.0,,0,smtuc,metrobus_fase2,80.0,40.203809,-8.407904,2000.0,3.0,5.0,e62d81153b50f2754bf367efbabcdfcb27d7e526033022d2afbabaebf6a3fb35,20b589f37384105ae41674c2565d5d58d7bda448ec489e156ba29bbf1e5c5a3f
53,31.7,4012.5,39250.9,10.22,9,1;317;321;472;474;485;487;488;496,65,4,0.0,0.0,2000.0,85,94.44,1;317;321;472;474;485;487;488;496,90,smtuc,metrobus_fase2,80.0,40.203809,-8.407904,2000.0,3.0,5.0,e62d81153b50f2754bf367efbabcdfcb27d7e526033022d2afbabaebf6a3fb35,20b589f37384105ae41674c2565d5d58d7bda448ec489e156ba29bbf1e5c5a3f
53T,89.4,2006.3,35603.0,5.64,9,1;317;321;472;474;485;487;488;496,70,3,0.0,0.0,2000.0,18,100.0,1;317;321;472;474;485;487;488;496,18,smtuc,metrobus_fase2,80.0,40.203809,-8.407904,2000.0,3.0,5.0,e62d81153b50f2754bf367efbabcdfcb27d7e526033022d2afbabaebf6a3fb35,20b589f37384105ae41674c2565d5d58d7bda448ec489e156ba29bbf1e5c5a3f
54,20.0,1412.5,9070.7,15.57,7,504;509;515;634;639;908;911,26,2,6059.6,66.8,2000.0,282,75.4,504;509;515;634;639;908;911,374,smtuc,metrobus_fase2,80.0,40.203809,-8.407904,2000.0,3.0,5.0,e62d81153b50f2754bf367efbabcdfcb27d7e526033022d2afbabaebf6a3fb35,20b589f37384105ae41674c2565d5d58d7bda448ec489e156ba29bbf1e5c5a3f
5F,11.3,6789.7,28506.9,23.82,31,1;1583;319;321;457;466;479;484;485;487;504;509;515;588;589;590;602;618;634;639;768;769;778;791;876;877;878;879;895;896;897,84,2,19624.2,68.84,2000.0,1019,73.36,1;1583;319;321;457;466;479;484;485;487;504;509;515;588;589;590;602;618;634;639;768;769;778;791;876;877;878;879;895;896;897,1389,smtuc,metrobus_fase2,80.0,40.203809,-8.407904,2000.0,3.0,5.0,e62d81153b50f2754bf367efbabcdfcb27d7e526033022d2afbabaebf6a3fb35,20b589f37384105ae41674c2565d5d58d7bda448ec489e156ba29bbf1e5c5a3f
5T,19.7,6497.8,39625.3,16.4,22,1;1583;319;321;457;458;466;479;484;485;487;588;589;590;602;618;768;778;791;876;878;896,81,4,25753.4,64.99,2000.0,397,64.03,1;1583;319;321;457;458;466;479;484;485;487;588;589;590;602;618;768;778;791;876;878;896,620,smtuc,metrobus_fase2,80.0,40.203809,-8.407904,2000.0,3.0,5.0,e62d81153b50f2754bf367efbabcdfcb27d7e526033022d2afbabaebf6a3fb35,20b589f37384105ae41674c2565d5d58d7bda448ec489e156ba29bbf1e5c5a3f
6,8.9,6403.1,47574.9,13.46,13,465;472;474;475;479;488;494;504;588;589;590;602;618,73,5,14557.8,30.6,2000.0,1181,91.41,465;472;474;475;479;488;494;504;588;589;590;602;618,1292,smtuc,metrobus_fase2,80.0,40.203809,-8.407904,2000.0,3.0,5.0,e62d81153b50f2754bf367efbabcdfcb27d7e526033022d2afbabaebf6a3fb35,20b589f37384105ae41674c2565d5d58d7bda448ec489e156ba29bbf1e5c5a3f
6F,14.6,2567.4,19606.6,13.09,13,465;472;474;475;479;488;494;504;588;589;590;602;618,72,2,6168.5,31.46,2000.0,168,65.62,465;472;474;475;479;488;494;504;588;589;590;602;618,256,smtuc,metrobus_fase2,80.0,40.203809,-8.407904,2000.0,3.0,5.0,e62d81153b50f2754bf367efbabcdfcb27d7e526033022d2afbabaebf6a3fb35,20b589f37384105ae41674c2565d5d58d7bda448ec489e156ba29bbf1e5c5a3f
7,6.6,2896.4,11123.0,26.04,13,1583;475;478;479;504;590;602;618;629;631;639;775;782,38,2,8779.4,78.93,2000.0,1529,71.68,1583;475;478;479;504;590;602;618;629;631;639;775;782,2133,smtuc,metrobus_fase2,80.0,40.203809,-8.407904,2000.0,3.0,5.0,e62d81153b50f2754bf367efbabcdfcb27d7e526033022d2afbabaebf6a3fb35,20b589f37384105ae41674c2565d5d58d7bda448ec489e156ba29bbf1e5c5a3f
7T,6.6,4407.0,18651.2,23.63,16,465;472;474;488;509;515;588;589;630;632;634;768;776;778;781;791,41,3,13448.0,72.1,2000.0,1770,72.36,465;472;474;488;509;515;588;589;630;632;634;768;776;778;781;791,2446,smtuc,metrobus_fase2,80.0,40.203809,-8.407904,2000.0,3.0,5.0,e62d81153b50f2754bf367efbabcdfcb27d7e526033022d2afbabaebf6a3fb35,20b589f37384105ae41674c2565d5d58d7bda448ec489e156ba29bbf1e5c5a3f
9,32.5,6717.3,41535.7,16.17,21,1143;1583;504;509;515;629;630;631;632;634;639;768;775;776;778;781;782;791;908;911;944,55,4,17493.4,42.12,2000.0,353,64.89,1143;1583;504;509;515;629;630;631;632;634;639;768;775;776;778;781;782;791;908;911;944,544,smtuc,metrobus_fase2,80.0,40.203809,-8.407904,2000.0,3.0,5.0,e62d81153b50f2754bf367efbabcdfcb27d7e526033022d2afbabaebf6a3fb35,20b589f37384105ae41674c2565d5d58d7bda448ec489e156ba29bbf1e5c5a3f
